{"cameraMode":{"drawMode":0,"name":"Shaded","section":"Shading Mode"},"sceneLighting":false,"audioPlay":false,"sceneViewState":{"showFog":true,"showMaterialUpdate":false,"showSkybox":true,"showFlares":true,"showImageEffects":true,"showParticleSystems":true},"in2DMode":false,"pivot":{"x":-0.14453056454658509,"y":3.818291425704956,"z":0.8554134368896484},"rotation":{"x":0.1671198308467865,"y":0.032529521733522418,"z":-0.005516959819942713,"w":0.9853842854499817},"size":15.938458442687989,"orthographic":false}